{
  "Total" : {
    "transaction" : "Total",
    "sampleCount" : 10000,
    "errorCount" : 0,
    "errorPct" : 0.0,
    "meanResTime" : 2.742199999999999,
    "medianResTime" : 2.0,
    "minResTime" : 1.0,
    "maxResTime" : 284.0,
    "pct1ResTime" : 4.0,
    "pct2ResTime" : 5.0,
    "pct3ResTime" : 9.0,
    "throughput" : 348.7479946990305,
    "receivedKBytesPerSec" : 17.028710678663597,
    "sentKBytesPerSec" : 160.06988037943782
  },
  "HTTP Request" : {
    "transaction" : "HTTP Request",
    "sampleCount" : 10000,
    "errorCount" : 0,
    "errorPct" : 0.0,
    "meanResTime" : 2.742199999999999,
    "medianResTime" : 2.0,
    "minResTime" : 1.0,
    "maxResTime" : 284.0,
    "pct1ResTime" : 4.0,
    "pct2ResTime" : 5.0,
    "pct3ResTime" : 9.0,
    "throughput" : 348.7479946990305,
    "receivedKBytesPerSec" : 17.028710678663597,
    "sentKBytesPerSec" : 160.06988037943782
  }
}